{
    "accuracy": 0.791095890410959,
    "precision": 0.845116329979225,
    "recall": 0.738971200656027,
    "f1": 0.7707632418368865,
    "auc": 0.9700599461294893
}