{
    "accuracy": 0.867579908675799,
    "precision": 0.8745134654656336,
    "recall": 0.8463558705438184,
    "f1": 0.8579543823684649,
    "auc": 0.9799850799972392
}