{
    "accuracy": 0.8393719806763285,
    "precision": 0.8509224234978202,
    "recall": 0.8198988170299647,
    "f1": 0.8316276441119959,
    "auc": 0.9740910214989332
}