{
    "accuracy": 0.7294685990338164,
    "precision": 0.8107463732695699,
    "recall": 0.7027242856819359,
    "f1": 0.708032136487421
}